nconst;name
nm0000375;Robert Downey Jr.
nm0000569;Gwyneth Paltrow
nm0005024;Terrence Howard
nm0000313;Jeff Bridges
nm0004753;Leslie Bibb
nm0869467;Shaun Toub
nm0846687;Faran Tahir
nm0163988;Clark Gregg
nm0810488;Bill Smitrovich
nm0046223;Sayed Badreya
nm0262635;Chris Evans
nm0915989;Hugo Weaving
nm0000168;Samuel L. Jackson
nm2017943;Hayley Atwell
nm1659221;Sebastian Stan
nm0000169;Tommy Lee Jones
nm1002641;Dominic Cooper
nm0035514;Richard Armitage
nm0001804;Stanley Tucci
nm0429363;Toby Jones
nm0748620;Paul Rudd
nm0000140;Michael Douglas
nm1015684;Corey Stoll
nm1431940;Evangeline Lilly
nm0134072;Bobby Cannavale
nm1107001;Anthony Mackie
nm0339460;Judy Greer
nm5338858;Abby Ryder Fortson
nm0671567;Michael Peña
nm2810287;David Dastmalchian
nm0001570;Edward Norton
nm0000239;Liv Tyler
nm0000619;Tim Roth
nm0000458;William Hurt
nm0625789;Tim Blake Nelson
nm0123092;Ty Burrell
nm0127680;Christina Cabot
nm0579795;Peter Mensah
nm0002073;Lou Ferrigno
nm0813015;Paul Soles
nm1165110;Chris Hemsworth
nm0000164;Anthony Hopkins
nm0000204;Natalie Portman
nm1089991;Tom Hiddleston
nm0001745;Stellan Skarsgård
nm0993507;Kat Dennings
nm0163988;Clark Gregg
nm0272173;Colm Feore
nm0252961;Idris Elba
nm0829032;Ray Stevenson
nm0000375;Robert Downey Jr.
nm0262635;Chris Evans
nm0424060;Scarlett Johansson
nm0719637;Jeremy Renner
nm0749263;Mark Ruffalo
nm1165110;Chris Hemsworth
nm1089991;Tom Hiddleston
nm0163988;Clark Gregg
nm1130627;Cobie Smulders
nm0001745;Stellan Skarsgård
nm1165110;Chris Hemsworth
nm0000204;Natalie Portman
nm0000288;Christian Bale
nm1935086;Tessa Thompson
nm0169806;Taika Waititi
nm0000128;Russell Crowe
nm1526352;Jaimie Alexander
nm0252961;Idris Elba
nm0695435;Chris Pratt
nm1176985;Dave Bautista
nm0488953;Brie Larson
nm3500582;Teyonah Parris
nm11940123;Iman Vellani
nm0000168;Samuel L. Jackson
nm1534698;Zawe Ashton
nm0507207;Gary Lewis
nm6124994;Park Seo-joon
nm2801210;Zenobia Shroff
nm1018245;Mohan Kapur
nm5248294;Saagar Shaikh
nm4043618;Tom Holland
nm3918035;Zendaya
nm1212722;Benedict Cumberbatch
nm8188622;Jacob Batalon
nm0269463;Jon Favreau
nm0004937;Jamie Foxx
nm0000353;Willem Dafoe
nm0000547;Alfred Molina
nm0938950;Benedict Wong
nm1727825;Tony Revolori
nm0748620;Paul Rudd
nm1431940;Evangeline Lilly
nm0000140;Michael Douglas
nm0000201;Michelle Pfeiffer
nm3718007;Jonathan Majors
nm1105980;Kathryn Newton
nm1015684;Corey Stoll
nm0000195;Bill Murray
nm6884042;Katy O'Brian
nm2860379;William Jackson Harper
nm1212722;Benedict Cumberbatch
nm0252230;Chiwetel Ejiofor
nm1046097;Rachel McAdams
nm0938950;Benedict Wong
nm0586568;Mads Mikkelsen
nm0842770;Tilda Swinton
nm0836121;Michael Stuhlbarg
nm0000973;Benjamin Bratt
nm0012078;Scott Adkins
nm2333360;Zara Phythian
nm0000375;Robert Downey Jr.
nm0000620;Mickey Rourke
nm0000569;Gwyneth Paltrow
nm0000332;Don Cheadle
nm0424060;Scarlett Johansson
nm0005377;Sam Rockwell
nm0000168;Samuel L. Jackson
nm0163988;Clark Gregg
nm0805476;John Slattery
nm0788009;Garry Shandling
nm1569276;Chadwick Boseman
nm0430107;Michael B. Jordan
nm2143282;Lupita Nyong'o
nm1775091;Danai Gurira
nm0293509;Martin Freeman
nm2257207;Daniel Kaluuya
nm4004793;Letitia Wright
nm6328300;Winston Duke
nm1250791;Sterling K. Brown
nm0000291;Angela Bassett
nm0262635;Chris Evans
nm0000168;Samuel L. Jackson
nm0424060;Scarlett Johansson
nm0000602;Robert Redford
nm1659221;Sebastian Stan
nm1107001;Anthony Mackie
nm1130627;Cobie Smulders
nm0342029;Frank Grillo
nm0380073;Maximiliano Hernández
nm0885840;Emily VanCamp
nm1165110;Chris Hemsworth
nm0000204;Natalie Portman
nm1089991;Tom Hiddleston
nm0001745;Stellan Skarsgård
nm0000164;Anthony Hopkins
nm0001172;Christopher Eccleston
nm1526352;Jaimie Alexander
nm1157048;Zachary Levi
nm0829032;Ray Stevenson
nm0038355;Tadanobu Asano
nm0695435;Chris Pratt
nm0004874;Vin Diesel
nm0177896;Bradley Cooper
nm0757855;Zoe Saldana
nm1176985;Dave Bautista
nm1195855;Lee Pace
nm0740264;Michael Rooker
nm2394794;Karen Gillan
nm0005023;Djimon Hounsou
nm0000604;John C. Reilly
nm4043618;Tom Holland
nm0000474;Michael Keaton
nm0000375;Robert Downey Jr.
nm0000673;Marisa Tomei
nm0269463;Jon Favreau
nm0000569;Gwyneth Paltrow
nm3918035;Zendaya
nm2255973;Donald Glover
nm8188622;Jacob Batalon
nm5637553;Laura Harrier
nm0000375;Robert Downey Jr.
nm0262635;Chris Evans
nm0749263;Mark Ruffalo
nm1165110;Chris Hemsworth
nm0424060;Scarlett Johansson
nm0719637;Jeremy Renner
nm0000652;James Spader
nm0000168;Samuel L. Jackson
nm0000332;Don Cheadle
nm1093951;Aaron Taylor-Johnson
nm0424060;Scarlett Johansson
nm6073955;Florence Pugh
nm1092086;David Harbour
nm0001838;Rachel Weisz
nm0935653;Ray Winstone
nm8349839;Ever Anderson
nm8627157;Violet McGraw
nm1282966;O-T Fagbenle
nm0000458;William Hurt
nm1385871;Olga Kurylenko
nm0262635;Chris Evans
nm0000375;Robert Downey Jr.
nm0424060;Scarlett Johansson
nm1659221;Sebastian Stan
nm1107001;Anthony Mackie
nm0000332;Don Cheadle
nm0719637;Jeremy Renner
nm1569276;Chadwick Boseman
nm0079273;Paul Bettany
nm0647634;Elizabeth Olsen
nm1165110;Chris Hemsworth
nm1089991;Tom Hiddleston
nm0000949;Cate Blanchett
nm0749263;Mark Ruffalo
nm0252961;Idris Elba
nm0000156;Jeff Goldblum
nm1935086;Tessa Thompson
nm0881631;Karl Urban
nm0000164;Anthony Hopkins
nm1212722;Benedict Cumberbatch
nm0695435;Chris Pratt
nm0757855;Zoe Saldana
nm1176985;Dave Bautista
nm0004874;Vin Diesel
nm0177896;Bradley Cooper
nm0740264;Michael Rooker
nm2394794;Karen Gillan
nm2962353;Pom Klementieff
nm0000230;Sylvester Stallone
nm0000621;Kurt Russell
nm0488953;Brie Larson
nm0000168;Samuel L. Jackson
nm0578853;Ben Mendelsohn
nm0000179;Jude Law
nm0000906;Annette Bening
nm0005023;Djimon Hounsou
nm1195855;Lee Pace
nm2736476;Lashana Lynch
nm2110418;Gemma Chan
nm0163988;Clark Gregg
nm0000375;Robert Downey Jr.
nm1165110;Chris Hemsworth
nm0749263;Mark Ruffalo
nm0262635;Chris Evans
nm0424060;Scarlett Johansson
nm0000332;Don Cheadle
nm1212722;Benedict Cumberbatch
nm4043618;Tom Holland
nm1569276;Chadwick Boseman
nm0757855;Zoe Saldana
nm0000375;Robert Downey Jr.
nm0262635;Chris Evans
nm0749263;Mark Ruffalo
nm1165110;Chris Hemsworth
nm0424060;Scarlett Johansson
nm0719637;Jeremy Renner
nm0000332;Don Cheadle
nm0748620;Paul Rudd
nm1212722;Benedict Cumberbatch
nm1569276;Chadwick Boseman
nm0748620;Paul Rudd
nm1431940;Evangeline Lilly
nm0671567;Michael Peña
nm0324658;Walton Goggins
nm0134072;Bobby Cannavale
nm0339460;Judy Greer
nm1939267;Tip 'T.I.' Harris
nm2810287;David Dastmalchian
nm4789912;Hannah John-Kamen
nm5338858;Abby Ryder Fortson
nm0005351;Ryan Reynolds
nm0413168;Hugh Jackman
nm10128408;Emma Corrin
nm0532193;Matthew Macfadyen
nm6748436;Dafne Keen
nm0269463;Jon Favreau
nm1072555;Morena Baccarin
nm3008739;Rob Delaney
nm0880081;Leslie Uggams
nm0004950;Jennifer Garner
nm4043618;Tom Holland
nm0000168;Samuel L. Jackson
nm0350453;Jake Gyllenhaal
nm0000673;Marisa Tomei
nm0269463;Jon Favreau
nm3918035;Zendaya
nm8188622;Jacob Batalon
nm1727825;Tony Revolori
nm3886028;Angourie Rice
nm3600780;Remy Hii
nm0695435;Chris Pratt
nm1030244;Chukwudi Iwuji
nm0177896;Bradley Cooper
nm2962353;Pom Klementieff
nm1176985;Dave Bautista
nm2394794;Karen Gillan
nm0004874;Vin Diesel
nm5837211;Austin Freeman
nm0002888;Stephen Blackehart
nm0741893;Terence Rosemore
nm2110418;Gemma Chan
nm0534635;Richard Madden
nm0001401;Angelina Jolie
nm0000161;Salma Hayek
nm3229685;Kit Harington
nm3529685;Kumail Nanjiani
nm7186321;Lia McHugh
nm3109964;Brian Tyree Henry
nm4248765;Lauren Ridloff
nm4422686;Barry Keoghan
nm4004793;Letitia Wright
nm2143282;Lupita Nyong'o
nm1775091;Danai Gurira
nm6328300;Winston Duke
nm0000291;Angela Bassett
nm2204178;Tenoch Huerta
nm0293509;Martin Freeman
nm0000506;Julia Louis-Dreyfus
nm9584861;Dominique Thorne
nm0441042;Florence Kasumba
nm1212722;Benedict Cumberbatch
nm0647634;Elizabeth Olsen
nm0252230;Chiwetel Ejiofor
nm0938950;Benedict Wong
nm7961780;Xochitl Gomez
nm1046097;Rachel McAdams
nm4810527;Jett Klyne
nm6623135;Julian Hilliard
nm0836121;Michael Stuhlbarg
nm2017943;Hayley Atwell
